{
    "offsets": [
        {
            "c0": {
                "x": -1.212653398513794,
                "y": -0.17416994273662568,
                "z": -1.5773329734802247,
                "w": 0.0
            },
            "c1": {
                "x": -0.17416994273662568,
                "y": 0.01640784740447998,
                "z": 0.14024929702281953,
                "w": 0.0
            },
            "c2": {
                "x": 1.5773329734802247,
                "y": -0.14024929702281953,
                "z": -1.196245551109314,
                "w": 0.0
            },
            "c3": {
                "x": 0.5702610015869141,
                "y": 10.400093078613282,
                "z": 7.38530158996582,
                "w": 0.0
            }
        },
        {
            "c0": {
                "x": 0.21229904890060426,
                "y": -0.23148497939109803,
                "z": -1.24488365650177,
                "w": 0.0
            },
            "c1": {
                "x": -0.23148497939109803,
                "y": -0.12922203540802003,
                "z": -0.32115277647972109,
                "w": 0.0
            },
            "c2": {
                "x": 1.24488365650177,
                "y": 0.32115277647972109,
                "z": 0.083077073097229,
                "w": 0.0
            },
            "c3": {
                "x": 1.7632360458374024,
                "y": 8.340311050415039,
                "z": -6.033670425415039,
                "w": 0.0
            }
        },
        {
            "c0": {
                "x": 0.3486558198928833,
                "y": -0.09303969144821167,
                "z": -0.677823007106781,
                "w": 0.0
            },
            "c1": {
                "x": -0.09303969144821167,
                "y": 0.00796276330947876,
                "z": 0.3489220142364502,
                "w": 0.0
            },
            "c2": {
                "x": 0.677823007106781,
                "y": -0.3489220142364502,
                "z": 0.35661864280700686,
                "w": 0.0
            },
            "c3": {
                "x": 0.8005857467651367,
                "y": 4.387510299682617,
                "z": 3.217363119125366,
                "w": 0.0
            }
        },
        {
            "c0": {
                "x": -1.2026985883712769,
                "y": -0.6023148894309998,
                "z": -0.10338246822357178,
                "w": 0.0
            },
            "c1": {
                "x": -0.6023148894309998,
                "y": -0.14979314804077149,
                "z": 0.40289306640625,
                "w": 0.0
            },
            "c2": {
                "x": 0.10338246822357178,
                "y": -0.40289306640625,
                "z": -1.3524917364120484,
                "w": 0.0
            },
            "c3": {
                "x": 1.4958019256591797,
                "y": 1.8591642379760743,
                "z": 8.410811424255371,
                "w": 0.0
            }
        },
        {
            "c0": {
                "x": -0.8427512645721436,
                "y": 0.6289992332458496,
                "z": -0.08561849594116211,
                "w": 0.0
            },
            "c1": {
                "x": 0.6289992332458496,
                "y": -0.407359778881073,
                "z": -0.21569621562957765,
                "w": 0.0
            },
            "c2": {
                "x": 0.08561849594116211,
                "y": 0.21569621562957765,
                "z": -1.2501109838485718,
                "w": 0.0
            },
            "c3": {
                "x": 1.6603469848632813,
                "y": 2.38722562789917,
                "z": -0.6680727005004883,
                "w": 0.0
            }
        },
        {
            "c0": {
                "x": -1.0792012214660645,
                "y": -0.2740364670753479,
                "z": 0.6844587326049805,
                "w": 0.0
            },
            "c1": {
                "x": -0.2740364670753479,
                "y": 1.3150441646575928,
                "z": 0.697743833065033,
                "w": 0.0
            },
            "c2": {
                "x": -0.6844587326049805,
                "y": -0.697743833065033,
                "z": 0.23584306240081788,
                "w": 0.0
            },
            "c3": {
                "x": 0.9031295776367188,
                "y": 0.9029626846313477,
                "z": -17.324304580688478,
                "w": 0.0
            }
        }
    ]
}